<?xml version="1.0" encoding="UTF-8"?>
<GenRun Id="impl_1" LaunchPart="xc7z020clg484-1" LaunchTime="1740336327">
  <File Type="ROUTE-PWR" Name="top_power_routed.rpt"/>
  <File Type="PA-TCL" Name="top.tcl"/>
  <File Type="ROUTE-PWR-SUM" Name="top_power_summary_routed.pb"/>
  <File Type="REPORTS-TCL" Name="top_reports.tcl"/>
  <File Type="OPT-RQA-PB" Name="top_rqa_opted.pb"/>
  <File Type="BITSTR-MMI" Name="top.mmi"/>
  <File Type="OPT-METHODOLOGY-DRC" Name="top_methodology_drc_opted.rpt"/>
  <File Type="INIT-TIMING" Name="top_timing_summary_init.rpt"/>
  <File Type="OPT-TIMING" Name="top_timing_summary_opted.rpt"/>
  <File Type="OPT-DCP" Name="top_opt.dcp"/>
  <File Type="OPT-DRC" Name="top_drc_opted.rpt"/>
  <File Type="OPT-HWDEF" Name="top.hwdef"/>
  <File Type="PWROPT-DCP" Name="top_pwropt.dcp"/>
  <File Type="PWROPT-DRC" Name="top_drc_pwropted.rpt"/>
  <File Type="PWROPT-TIMING" Name="top_timing_summary_pwropted.rpt"/>
  <File Type="PLACE-DCP" Name="top_placed.dcp"/>
  <File Type="PLACE-IO" Name="top_io_placed.rpt"/>
  <File Type="PLACE-CLK" Name="top_clock_utilization_placed.rpt"/>
  <File Type="PLACE-UTIL" Name="top_utilization_placed.rpt"/>
  <File Type="PLACE-UTIL-PB" Name="top_utilization_placed.pb"/>
  <File Type="PLACE-CTRL" Name="top_control_sets_placed.rpt"/>
  <File Type="PLACE-SIMILARITY" Name="top_incremental_reuse_placed.rpt"/>
  <File Type="PLACE-PRE-SIMILARITY" Name="top_incremental_reuse_pre_placed.rpt"/>
  <File Type="BG-BIN" Name="top.bin"/>
  <File Type="PLACE-TIMING" Name="top_timing_summary_placed.rpt"/>
  <File Type="ROUTE-PWR-RPX" Name="top_power_routed.rpx"/>
  <File Type="PLACE-RQA-PB" Name="top_rqa_placed.pb"/>
  <File Type="POSTPLACE-PWROPT-DCP" Name="top_postplace_pwropt.dcp"/>
  <File Type="BITSTR-MSK" Name="top.msk"/>
  <File Type="POSTPLACE-PWROPT-TIMING" Name="top_timing_summary_postplace_pwropted.rpt"/>
  <File Type="PHYSOPT-DCP" Name="top_physopt.dcp"/>
  <File Type="PHYSOPT-DRC" Name="top_drc_physopted.rpt"/>
  <File Type="BITSTR-RBT" Name="top.rbt"/>
  <File Type="PHYSOPT-TIMING" Name="top_timing_summary_physopted.rpt"/>
  <File Type="ROUTE-ERROR-DCP" Name="top_routed_error.dcp"/>
  <File Type="ROUTE-DCP" Name="top_routed.dcp"/>
  <File Type="ROUTE-BLACKBOX-DCP" Name="top_routed_bb.dcp"/>
  <File Type="ROUTE-DRC" Name="top_drc_routed.rpt"/>
  <File Type="ROUTE-DRC-PB" Name="top_drc_routed.pb"/>
  <File Type="ROUTE-DRC-RPX" Name="top_drc_routed.rpx"/>
  <File Type="ROUTE-METHODOLOGY-DRC" Name="top_methodology_drc_routed.rpt"/>
  <File Type="ROUTE-METHODOLOGY-DRC-RPX" Name="top_methodology_drc_routed.rpx"/>
  <File Type="ROUTE-METHODOLOGY-DRC-PB" Name="top_methodology_drc_routed.pb"/>
  <File Type="ROUTE-RQS-PB" Name="top_rqs_routed.pb"/>
  <File Type="ROUTE-STATUS" Name="top_route_status.rpt"/>
  <File Type="ROUTE-STATUS-PB" Name="top_route_status.pb"/>
  <File Type="ROUTE-TIMINGSUMMARY" Name="top_timing_summary_routed.rpt"/>
  <File Type="ROUTE-TIMING-PB" Name="top_timing_summary_routed.pb"/>
  <File Type="ROUTE-TIMING-RPX" Name="top_timing_summary_routed.rpx"/>
  <File Type="ROUTE-SIMILARITY" Name="top_incremental_reuse_routed.rpt"/>
  <File Type="ROUTE-CLK" Name="top_clock_utilization_routed.rpt"/>
  <File Type="ROUTE-BUS-SKEW" Name="top_bus_skew_routed.rpt"/>
  <File Type="ROUTE-BUS-SKEW-PB" Name="top_bus_skew_routed.pb"/>
  <File Type="ROUTE-BUS-SKEW-RPX" Name="top_bus_skew_routed.rpx"/>
  <File Type="POSTROUTE-PHYSOPT-DCP" Name="top_postroute_physopt.dcp"/>
  <File Type="POSTROUTE-PHYSOPT-BLACKBOX-DCP" Name="top_postroute_physopt_bb.dcp"/>
  <File Type="POSTROUTE-PHYSOPT-TIMING" Name="top_timing_summary_postroute_physopted.rpt"/>
  <File Type="POSTROUTE-PHYSOPT-TIMING-PB" Name="top_timing_summary_postroute_physopted.pb"/>
  <File Type="POSTROUTE-PHYSOPT-TIMING-RPX" Name="top_timing_summary_postroute_physopted.rpx"/>
  <File Type="POSTROUTE-PHYSOPT-BUS-SKEW" Name="top_bus_skew_postroute_physopted.rpt"/>
  <File Type="BG-BIT" Name="top.bit"/>
  <File Type="POSTROUTE-PHYSOPT-BUS-SKEW-PB" Name="top_bus_skew_postroute_physopted.pb"/>
  <File Type="POSTROUTE-PHYSOPT-BUS-SKEW-RPX" Name="top_bus_skew_postroute_physopted.rpx"/>
  <File Type="BITSTR-NKY" Name="top.nky"/>
  <File Type="BITSTR-BMM" Name="top_bd.bmm"/>
  <File Type="PDI-FILE" Name="top.pdi"/>
  <File Type="BOOT-PDI-FILE" Name="top_boot.pdi"/>
  <File Type="PL-PDI-FILE" Name="top_pld.pdi"/>
  <File Type="RCFI_FILE" Name="top.rcfi"/>
  <File Type="CFI_FILE" Name="top.cfi"/>
  <File Type="RNPI_FILE" Name="top.rnpi"/>
  <File Type="NPI_FILE" Name="top.npi"/>
  <File Type="RBD_FILE" Name="top.rbd"/>
  <File Type="BITSTR-LTX" Name="debug_nets.ltx"/>
  <File Type="BITSTR-LTX" Name="top.ltx"/>
  <File Type="BITSTR-SYSDEF" Name="top.sysdef"/>
  <File Type="BG-BGN" Name="top.bgn"/>
  <File Type="BG-DRC" Name="top.drc"/>
  <File Type="RDI-RDI" Name="top.vdi"/>
  <File Type="WBT-USG" Name="usage_statistics_webtalk.html"/>
  <File Type="ROUTE-RQS" Name="top_routed.rqs"/>
  <File Type="POSTROUTE-PHYSOPT-RQS" Name="top_postroute_physopted.rqs"/>
  <File Type="ROUTE-RQS-RPT" Name="route_report_qor_suggestions_0.rpt"/>
  <File Type="POSTROUTE-PHYSOPT-RQS-RPT" Name="postroute_physopt_report_qor_suggestions_0.rpt"/>
  <FileSet Name="sources" Type="DesignSrcs" RelSrcDir="$PSRCDIR/sources_1" RelGenDir="$PGENDIR/sources_1">
    <Filter Type="Srcs"/>
    <File Path="$PSRCDIR/sources_1/imports/src/CPU/constants.vh">
      <FileInfo>
        <Attr Name="ImportPath" Val="$PPRDIR/../../GitHub/RiscYNew/RISCY_primer25k/src/CPU/constants.vh"/>
        <Attr Name="ImportTime" Val="1740322277"/>
        <Attr Name="UsedIn" Val="synthesis"/>
        <Attr Name="UsedIn" Val="simulation"/>
        <Attr Name="IsVisible" Val="1"/>
      </FileInfo>
    </File>
    <File Path="$PSRCDIR/sources_1/imports/src/config.vh">
      <FileInfo>
        <Attr Name="ImportPath" Val="$PPRDIR/../../GitHub/RiscYNew/RISCY_primer25k/src/config.vh"/>
        <Attr Name="ImportTime" Val="1740322277"/>
        <Attr Name="UsedIn" Val="synthesis"/>
        <Attr Name="UsedIn" Val="simulation"/>
        <Attr Name="IsVisible" Val="1"/>
      </FileInfo>
    </File>
    <File Path="$PSRCDIR/sources_1/imports/src/CPU/ALUCPU.v">
      <FileInfo>
        <Attr Name="ImportPath" Val="$PPRDIR/../../GitHub/RiscYNew/RISCY_primer25k/src/CPU/ALUCPU.v"/>
        <Attr Name="ImportTime" Val="1740322277"/>
        <Attr Name="UsedIn" Val="synthesis"/>
        <Attr Name="UsedIn" Val="implementation"/>
        <Attr Name="UsedIn" Val="simulation"/>
      </FileInfo>
    </File>
    <File Path="$PSRCDIR/sources_1/imports/src/InteruptControllers/CLINT.v">
      <FileInfo>
        <Attr Name="ImportPath" Val="$PPRDIR/../../GitHub/RiscYNew/RISCY_primer25k/src/InteruptControllers/CLINT.v"/>
        <Attr Name="ImportTime" Val="1736088590"/>
        <Attr Name="UsedIn" Val="synthesis"/>
        <Attr Name="UsedIn" Val="implementation"/>
        <Attr Name="UsedIn" Val="simulation"/>
      </FileInfo>
    </File>
    <File Path="$PSRCDIR/sources_1/imports/src/CPU/CSRFile.v">
      <FileInfo>
        <Attr Name="ImportPath" Val="$PPRDIR/../../GitHub/RiscYNew/RISCY_primer25k/src/CPU/CSRFile.v"/>
        <Attr Name="ImportTime" Val="1740322277"/>
        <Attr Name="UsedIn" Val="synthesis"/>
        <Attr Name="UsedIn" Val="implementation"/>
        <Attr Name="UsedIn" Val="simulation"/>
      </FileInfo>
    </File>
    <File Path="$PSRCDIR/sources_1/imports/src/Memories/DPBRAM.v">
      <FileInfo>
        <Attr Name="ImportPath" Val="$PPRDIR/../../GitHub/RiscYNew/RISCY_primer25k/src/Memories/DPBRAM.v"/>
        <Attr Name="ImportTime" Val="1736088590"/>
        <Attr Name="UsedIn" Val="synthesis"/>
        <Attr Name="UsedIn" Val="implementation"/>
        <Attr Name="UsedIn" Val="simulation"/>
      </FileInfo>
    </File>
    <File Path="$PSRCDIR/sources_1/imports/GPIO/PPU.v">
      <FileInfo>
        <Attr Name="ImportPath" Val="$PPRDIR/../../GitHub/RiscYNew/RISCY9k/src/GPIO/PPU.v"/>
        <Attr Name="ImportTime" Val="1736088590"/>
        <Attr Name="UsedIn" Val="synthesis"/>
        <Attr Name="UsedIn" Val="implementation"/>
        <Attr Name="UsedIn" Val="simulation"/>
      </FileInfo>
    </File>
    <File Path="$PSRCDIR/sources_1/imports/src/CPU/RegFile.v">
      <FileInfo>
        <Attr Name="ImportPath" Val="$PPRDIR/../../GitHub/RiscYNew/RISCY_primer25k/src/CPU/RegFile.v"/>
        <Attr Name="ImportTime" Val="1736009887"/>
        <Attr Name="UsedIn" Val="synthesis"/>
        <Attr Name="UsedIn" Val="implementation"/>
        <Attr Name="UsedIn" Val="simulation"/>
      </FileInfo>
    </File>
    <File Path="$PSRCDIR/sources_1/imports/src/CPU/SignExtendSelector.v">
      <FileInfo>
        <Attr Name="ImportPath" Val="$PPRDIR/../../GitHub/RiscYNew/RISCY_primer25k/src/CPU/SignExtendSelector.v"/>
        <Attr Name="ImportTime" Val="1736009887"/>
        <Attr Name="UsedIn" Val="synthesis"/>
        <Attr Name="UsedIn" Val="implementation"/>
        <Attr Name="UsedIn" Val="simulation"/>
      </FileInfo>
    </File>
    <File Path="$PSRCDIR/sources_1/imports/src/Buses/bus.v">
      <FileInfo>
        <Attr Name="ImportPath" Val="$PPRDIR/../../GitHub/RiscYNew/RISCY_primer25k/src/Buses/bus.v"/>
        <Attr Name="ImportTime" Val="1740322277"/>
        <Attr Name="UsedIn" Val="synthesis"/>
        <Attr Name="UsedIn" Val="implementation"/>
        <Attr Name="UsedIn" Val="simulation"/>
      </FileInfo>
    </File>
    <File Path="$PSRCDIR/sources_1/imports/src/CPU/control_alu.v">
      <FileInfo>
        <Attr Name="ImportPath" Val="$PPRDIR/../../GitHub/RiscYNew/RISCY_primer25k/src/CPU/control_alu.v"/>
        <Attr Name="ImportTime" Val="1740322277"/>
        <Attr Name="UsedIn" Val="synthesis"/>
        <Attr Name="UsedIn" Val="implementation"/>
        <Attr Name="UsedIn" Val="simulation"/>
      </FileInfo>
    </File>
    <File Path="$PSRCDIR/sources_1/imports/src/CPU/control_branch.v">
      <FileInfo>
        <Attr Name="ImportPath" Val="$PPRDIR/../../GitHub/RiscYNew/RISCY_primer25k/src/CPU/control_branch.v"/>
        <Attr Name="ImportTime" Val="1736009887"/>
        <Attr Name="UsedIn" Val="synthesis"/>
        <Attr Name="UsedIn" Val="implementation"/>
        <Attr Name="UsedIn" Val="simulation"/>
      </FileInfo>
    </File>
    <File Path="$PSRCDIR/sources_1/imports/src/CPU/control_bypass_ex.v">
      <FileInfo>
        <Attr Name="ImportPath" Val="$PPRDIR/../../GitHub/RiscYNew/RISCY_primer25k/src/CPU/control_bypass_ex.v"/>
        <Attr Name="ImportTime" Val="1736802802"/>
        <Attr Name="UsedIn" Val="synthesis"/>
        <Attr Name="UsedIn" Val="implementation"/>
        <Attr Name="UsedIn" Val="simulation"/>
      </FileInfo>
    </File>
    <File Path="$PSRCDIR/sources_1/imports/src/CPU/control_main.v">
      <FileInfo>
        <Attr Name="ImportPath" Val="$PPRDIR/../../GitHub/RiscYNew/RISCY_primer25k/src/CPU/control_main.v"/>
        <Attr Name="ImportTime" Val="1736009887"/>
        <Attr Name="UsedIn" Val="synthesis"/>
        <Attr Name="UsedIn" Val="implementation"/>
        <Attr Name="UsedIn" Val="simulation"/>
      </FileInfo>
    </File>
    <File Path="$PSRCDIR/sources_1/imports/src/CPU/control_stall_id.v">
      <FileInfo>
        <Attr Name="ImportPath" Val="$PPRDIR/../../GitHub/RiscYNew/RISCY_primer25k/src/CPU/control_stall_id.v"/>
        <Attr Name="ImportTime" Val="1740322277"/>
        <Attr Name="UsedIn" Val="synthesis"/>
        <Attr Name="UsedIn" Val="implementation"/>
        <Attr Name="UsedIn" Val="simulation"/>
      </FileInfo>
    </File>
    <File Path="$PSRCDIR/sources_1/imports/src/CPU/cpu.v">
      <FileInfo>
        <Attr Name="ImportPath" Val="$PPRDIR/../../GitHub/RiscYNew/RISCY_primer25k/src/CPU/cpu.v"/>
        <Attr Name="ImportTime" Val="1740322277"/>
        <Attr Name="UsedIn" Val="synthesis"/>
        <Attr Name="UsedIn" Val="implementation"/>
        <Attr Name="UsedIn" Val="simulation"/>
      </FileInfo>
    </File>
    <File Path="$PSRCDIR/sources_1/imports/vga_zedboard-master/hsync.v">
      <FileInfo>
        <Attr Name="ImportPath" Val="$PPRDIR/../../../Downloads/vga_zedboard-master/vga_zedboard-master/hsync.v"/>
        <Attr Name="ImportTime" Val="1740321550"/>
        <Attr Name="UsedIn" Val="synthesis"/>
        <Attr Name="UsedIn" Val="implementation"/>
        <Attr Name="UsedIn" Val="simulation"/>
      </FileInfo>
    </File>
    <File Path="$PSRCDIR/sources_1/imports/src/CPU/mem_read_selector.v">
      <FileInfo>
        <Attr Name="ImportPath" Val="$PPRDIR/../../GitHub/RiscYNew/RISCY_primer25k/src/CPU/mem_read_selector.v"/>
        <Attr Name="ImportTime" Val="1736009887"/>
        <Attr Name="UsedIn" Val="synthesis"/>
        <Attr Name="UsedIn" Val="implementation"/>
        <Attr Name="UsedIn" Val="simulation"/>
      </FileInfo>
    </File>
    <File Path="$PSRCDIR/sources_1/imports/src/CPU/mem_write_selector.v">
      <FileInfo>
        <Attr Name="ImportPath" Val="$PPRDIR/../../GitHub/RiscYNew/RISCY_primer25k/src/CPU/mem_write_selector.v"/>
        <Attr Name="ImportTime" Val="1736009887"/>
        <Attr Name="UsedIn" Val="synthesis"/>
        <Attr Name="UsedIn" Val="implementation"/>
        <Attr Name="UsedIn" Val="simulation"/>
      </FileInfo>
    </File>
    <File Path="$PSRCDIR/sources_1/imports/src/Memories/memory.v">
      <FileInfo>
        <Attr Name="ImportPath" Val="$PPRDIR/../../GitHub/RiscYNew/RISCY_primer25k/src/Memories/memory.v"/>
        <Attr Name="ImportTime" Val="1736088590"/>
        <Attr Name="UsedIn" Val="synthesis"/>
        <Attr Name="UsedIn" Val="implementation"/>
        <Attr Name="UsedIn" Val="simulation"/>
      </FileInfo>
    </File>
    <File Path="$PSRCDIR/sources_1/imports/src/CPU/signExtend.v">
      <FileInfo>
        <Attr Name="ImportPath" Val="$PPRDIR/../../GitHub/RiscYNew/RISCY_primer25k/src/CPU/signExtend.v"/>
        <Attr Name="ImportTime" Val="1736009887"/>
        <Attr Name="UsedIn" Val="synthesis"/>
        <Attr Name="UsedIn" Val="implementation"/>
        <Attr Name="UsedIn" Val="simulation"/>
      </FileInfo>
    </File>
    <File Path="$PSRCDIR/sources_1/imports/vga_zedboard-master/vsync.v">
      <FileInfo>
        <Attr Name="ImportPath" Val="$PPRDIR/../../../Downloads/vga_zedboard-master/vga_zedboard-master/vsync.v"/>
        <Attr Name="ImportTime" Val="1740321550"/>
        <Attr Name="UsedIn" Val="synthesis"/>
        <Attr Name="UsedIn" Val="implementation"/>
        <Attr Name="UsedIn" Val="simulation"/>
      </FileInfo>
    </File>
    <File Path="$PSRCDIR/sources_1/imports/src/soc.v">
      <FileInfo>
        <Attr Name="ImportPath" Val="$PPRDIR/../../GitHub/RiscYNew/RISCY_primer25k/src/soc.v"/>
        <Attr Name="ImportTime" Val="1740322277"/>
        <Attr Name="UsedIn" Val="synthesis"/>
        <Attr Name="UsedIn" Val="implementation"/>
        <Attr Name="UsedIn" Val="simulation"/>
      </FileInfo>
    </File>
    <File Path="$PSRCDIR/sources_1/imports/Memories/text.hex">
      <FileInfo>
        <Attr Name="ImportPath" Val="$PPRDIR/../../GitHub/RiscYNew/RISCY_primer25k/src/Memories/text.hex"/>
        <Attr Name="ImportTime" Val="1740322273"/>
      </FileInfo>
    </File>
    <File Path="$PSRCDIR/sources_1/imports/Memories/text.dat">
      <FileInfo>
        <Attr Name="ImportPath" Val="$PPRDIR/../RISCYZedboard/RISCYZedboard.srcs/sources_1/imports/Memories/text.dat"/>
        <Attr Name="ImportTime" Val="1740331441"/>
        <Attr Name="UsedIn" Val="synthesis"/>
        <Attr Name="UsedIn" Val="simulation"/>
      </FileInfo>
    </File>
    <File Path="$PSRCDIR/sources_1/textBramInitial.coe">
      <FileInfo>
        <Attr Name="ImportPath" Val="$PPRDIR/../RISCYZedboard/RISCYZedboard.srcs/sources_1/textBramInitial.coe"/>
        <Attr Name="ImportTime" Val="1740335622"/>
        <Attr Name="UsedIn" Val="synthesis"/>
        <Attr Name="UsedIn" Val="simulation"/>
      </FileInfo>
    </File>
    <Config>
      <Option Name="DesignMode" Val="RTL"/>
      <Option Name="TopModule" Val="top"/>
      <Option Name="TopAutoSet" Val="TRUE"/>
    </Config>
  </FileSet>
  <FileSet Name="constrs_in" Type="Constrs" RelSrcDir="$PSRCDIR/constrs_1" RelGenDir="$PGENDIR/constrs_1">
    <Filter Type="Constrs"/>
    <File Path="$PSRCDIR/constrs_1/imports/vga_zedboard-master/project_1.xdc">
      <FileInfo>
        <Attr Name="ImportPath" Val="$PPRDIR/../../../Downloads/vga_zedboard-master/vga_zedboard-master/project_1.xdc"/>
        <Attr Name="ImportTime" Val="1740321550"/>
        <Attr Name="UsedIn" Val="synthesis"/>
        <Attr Name="UsedIn" Val="implementation"/>
      </FileInfo>
    </File>
    <Config>
      <Option Name="ConstrsType" Val="XDC"/>
    </Config>
  </FileSet>
  <FileSet Name="utils" Type="Utils" RelSrcDir="$PSRCDIR/utils_1" RelGenDir="$PGENDIR/utils_1">
    <Filter Type="Utils"/>
    <File Path="$PSRCDIR/utils_1/imports/synth_1/top.dcp">
      <FileInfo>
        <Attr Name="ImportPath" Val="$PPRDIR/../RISCYZedboard/RISCYZedboard.srcs/utils_1/imports/synth_1/top.dcp"/>
        <Attr Name="ImportTime" Val="1740336326"/>
        <Attr Name="UsedIn" Val="synthesis"/>
        <Attr Name="UsedIn" Val="implementation"/>
        <Attr Name="UsedInSteps" Val="synth_1"/>
        <Attr Name="AutoDcp" Val="1"/>
      </FileInfo>
    </File>
    <Config>
      <Option Name="TopAutoSet" Val="TRUE"/>
    </Config>
  </FileSet>
  <Strategy Version="1" Minor="2">
    <StratHandle Name="Vivado Implementation Defaults" Flow="Vivado Implementation 2023"/>
    <Step Id="init_design"/>
    <Step Id="opt_design"/>
    <Step Id="power_opt_design"/>
    <Step Id="place_design"/>
    <Step Id="post_place_power_opt_design"/>
    <Step Id="phys_opt_design"/>
    <Step Id="route_design"/>
    <Step Id="post_route_phys_opt_design"/>
    <Step Id="write_bitstream"/>
  </Strategy>
</GenRun>
